<?xml version="1.0" encoding="UTF-8" standalone="yes"?>
<addon id="plugin.video.watchnixtoons2" name="WatchNixtoons2" version="0.13.0~beta2" provider-name="WNT2">
    <requires>
        <import addon="script.module.requests"/>
        <import addon="script.module.six"/>
        <import addon="inputstream.adaptive"/>
    </requires>
    <extension point="xbmc.python.pluginsource" library="default.py">
        <provides>video</provides>
    </extension>
    <extension point="xbmc.addon.metadata">
        <summary lang="en">WatchNixtoons2</summary>
        <description lang="en">
Watch cartoons and anime from [COLOR orange][B]www.wcofun.net[/B][/COLOR].

Support the WatchCartoonOnline website with a PayPal donation to:
[COLOR khaki][B]wcohelp@yandex.com[/B][/COLOR]

Add-on originally by doko.
Random updates by lolage.
        </description>
        <disclaimer lang="en">The authors of this addon do not host any of the content found or have any affiliation with the content providers. This add-on only scrapes web pages.</disclaimer>
        <language>en</language>
        <platform lang="en">all</platform>
        <news>[COLOR orange][B]WatchNixtoons2[/B][/COLOR] - Cartoons &amp; Anime
[B]0.13.0:[/B]
- Add functionality for m3u8 videos
- Update User Agent
- Update Thumbnail Hashes

[B]0.12.7:[/B]
- Update User Agent
- Update Thumbnail Hashes

[B]0.12.6:[/B]
- Fix recent and page meta for wcostream

[B]0.12.5:[/B]
- Fix recent on wcostream
- Update Thumbnail Hashes

[B]0.12.4:[/B]
- Fix issue of chapters running after movie workaround if enabled
- Update User Agent
- Update Thumbnail Hashes

[B]0.12.3:[/B]
- Add option to play 1080p quality if available
- Update User Agent
- Update Thumbnail Hashes</news>
        <assets>
            <icon>icon.png</icon>
        </assets>
    </extension>
</addon>
